Product,Total_Amount,Total_Profit,Total_Boxes,Profit_Margin
50% Dark Bites,14631.75,5760.469999999999,1186,39.36965844823756
Almond Choco,10219.5,7520.9,524,73.59362004011938
Eclairs,6149.25,2987.9400000000005,501,48.590315892181984
Milk Bars,28386.0,22221.28,1172,78.2825336433453
Mint Chip Choco,37496.25,28138.329999999998,1636,75.04305097176383
Raspberry Choco,43956.0,36852.75,1845,83.84009009009009
